task_rest,folder,sub,file,parent_folder
task,002NRF2,002NR,sub-002NRF2_task-rest_bold.nii.gz,/media/nabarun/TATA_MRI_Data_RAW/BIDS_task/002NRF2
task,003RSF1,003RS,sub-003RSF1_task-rest_bold.nii.gz,/media/nabarun/TATA_MRI_Data_RAW/BIDS_task/003RSF1
task,003RSF2,003RS,sub-003RSF2_task-rest_bold.nii.gz,/media/nabarun/TATA_MRI_Data_RAW/BIDS_task/003RSF2
task,004SASF1,004SA,sub-004SASF1_task-rest_bold.nii.gz,/media/nabarun/TATA_MRI_Data_RAW/BIDS_task/004SASF1
task,005SRF1,005SR,sub-005SRF1_task-rest_bold.nii.gz,/media/nabarun/TATA_MRI_Data_RAW/BIDS_task/005SRF1
task,005SRF2,005SR,sub-005SRF2_task-rest_bold.nii.gz,/media/nabarun/TATA_MRI_Data_RAW/BIDS_task/005SRF2
task,010MPF1,010MP,sub-010MPF1_task-rest_bold.nii.gz,/media/nabarun/TATA_MRI_Data_RAW/BIDS_task/010MPF1
task,011KHF1,011KH,sub-011KHF1_task-rest_bold.nii.gz,/media/nabarun/TATA_MRI_Data_RAW/BIDS_task/011KHF1
task,011KHF2,011KH,sub-011KHF2_task-rest_bold.nii.gz,/media/nabarun/TATA_MRI_Data_RAW/BIDS_task/011KHF2
task,012VKF1,012VK,sub-012VKF1_task-rest_bold.nii.gz,/media/nabarun/TATA_MRI_Data_RAW/BIDS_task/012VKF1
task,012VKF2,012VK,sub-012VKF2_task-rest_bold.nii.gz,/media/nabarun/TATA_MRI_Data_RAW/BIDS_task/012VKF2
task,013JM,013JM,,/media/nabarun/TATA_MRI_Data_RAW/BIDS_task/013JM
task,014SM,014SM,sub-014SM_task-rest_bold.nii.gz,/media/nabarun/TATA_MRI_Data_RAW/BIDS_task/014SM
task,019ST,019ST,sub-019ST_task-rest_bold.nii.gz,/media/nabarun/TATA_MRI_Data_RAW/BIDS_task/019ST
task,027SF1,027SF,sub-027SF1_task-rest_bold.nii.gz,/media/nabarun/TATA_MRI_Data_RAW/BIDS_task/027SF1
task,030SKF1,030SK,sub-030SKF1_task-rest_bold.nii.gz,/media/nabarun/TATA_MRI_Data_RAW/BIDS_task/030SKF1
task,030SKF2,030SK,sub-030SKF2_task-rest_bold.nii.gz,/media/nabarun/TATA_MRI_Data_RAW/BIDS_task/030SKF2
task,032NJF1,032NJ,sub-032NJF1_task-rest_bold.nii.gz,/media/nabarun/TATA_MRI_Data_RAW/BIDS_task/032NJF1
task,032NJF2,032NJ,sub-032NJF2_task-rest_bold.nii.gz,/media/nabarun/TATA_MRI_Data_RAW/BIDS_task/032NJF2
task,032NJF3,032NJ,sub-032NJF3_task-rest_bold.nii.gz,/media/nabarun/TATA_MRI_Data_RAW/BIDS_task/032NJF3
task,034RRF1,034RR,sub-034RRF1_task-rest_bold.nii.gz,/media/nabarun/TATA_MRI_Data_RAW/BIDS_task/034RRF1
task,040PRF1,040PR,sub-040PRF1_task-rest_bold.nii.gz,/media/nabarun/TATA_MRI_Data_RAW/BIDS_task/040PRF1
task,048CNF1,048CN,sub-048CNF1_task-rest_bold.nii.gz,/media/nabarun/TATA_MRI_Data_RAW/BIDS_task/048CNF1
task,050MGF1,050MG,sub-050MGF1_task-rest_bold.nii.gz,/media/nabarun/TATA_MRI_Data_RAW/BIDS_task/050MGF1
task,051MBF2,051MB,sub-051MBF2_task-rest_bold.nii.gz,/media/nabarun/TATA_MRI_Data_RAW/BIDS_task/051MBF2
task,053JSF1,053JS,,/media/nabarun/TATA_MRI_Data_RAW/BIDS_task/053JSF1
task,055VVF1,055VV,sub-055VVF1_task-rest_bold.nii.gz,/media/nabarun/TATA_MRI_Data_RAW/BIDS_task/055VVF1
task,057NCF1,057NC,sub-057NCF1_task-rest_bold.nii.gz,/media/nabarun/TATA_MRI_Data_RAW/BIDS_task/057NCF1
task,060JRF1,060JR,sub-060JRF1_task-rest_bold.nii.gz,/media/nabarun/TATA_MRI_Data_RAW/BIDS_task/060JRF1
task,064BRF1,064BR,sub-064BRF1_task-rest_bold.nii.gz,/media/nabarun/TATA_MRI_Data_RAW/BIDS_task/064BRF1
task,067RGF1,067RG,sub-067RGF1_task-rest_bold.nii.gz,/media/nabarun/TATA_MRI_Data_RAW/BIDS_task/067RGF1
task,068TPF1,068TP,sub-068TPF1_task-rest_bold.nii.gz,/media/nabarun/TATA_MRI_Data_RAW/BIDS_task/068TPF1
task,069PSF1,069PS,sub-069PSF1_task-rest_bold.nii.gz,/media/nabarun/TATA_MRI_Data_RAW/BIDS_task/069PSF1
task,070GPF1,070GP,sub-070GPF1_task-rest_bold.nii.gz,/media/nabarun/TATA_MRI_Data_RAW/BIDS_task/070GPF1
task,083MPF1,083MP,sub-083MPF1_task-rest_bold.nii.gz,/media/nabarun/TATA_MRI_Data_RAW/BIDS_task/083MPF1
task,083MPF2,083MP,sub-083MPF2_task-rest_bold.nii.gz,/media/nabarun/TATA_MRI_Data_RAW/BIDS_task/083MPF2
task,086PN,086PN,,/media/nabarun/TATA_MRI_Data_RAW/BIDS_task/086PN
task,088MK,088MK,sub-088MK_task-rest_bold.nii.gz,/media/nabarun/TATA_MRI_Data_RAW/BIDS_task/088MK
task,088MKF1,088MK,,/media/nabarun/TATA_MRI_Data_RAW/BIDS_task/088MKF1
task,089JL,089JL,sub-089JL_task-rest_bold.nii.gz,/media/nabarun/TATA_MRI_Data_RAW/BIDS_task/089JL
task,091KK,091KK,sub-091KK_task-rest_bold.nii.gz,/media/nabarun/TATA_MRI_Data_RAW/BIDS_task/091KK
task,091KKF1,091KK,sub-091KKF1_task-rest_bold.nii.gz,/media/nabarun/TATA_MRI_Data_RAW/BIDS_task/091KKF1
task,094NSF1,094NS,sub-094NSF1_task-rest_bold.nii.gz,/media/nabarun/TATA_MRI_Data_RAW/BIDS_task/094NSF1
task,095MN,095MN,sub-095MN_task-rest_bold.nii.gz,/media/nabarun/TATA_MRI_Data_RAW/BIDS_task/095MN
task,096RN,096RN,sub-096RN_task-rest_bold.nii.gz,/media/nabarun/TATA_MRI_Data_RAW/BIDS_task/096RN
task,097PV,097PV,sub-097PV_task-rest_bold.nii.gz,/media/nabarun/TATA_MRI_Data_RAW/BIDS_task/097PV
task,104GS,104GS,sub-104GS_task-rest_bold.nii.gz,/media/nabarun/TATA_MRI_Data_RAW/BIDS_task/104GS
task,104GSF1,104GS,sub-104GSF1_task-rest_bold.nii.gz,/media/nabarun/TATA_MRI_Data_RAW/BIDS_task/104GSF1
task,105SS,105SS,sub-105SS_task-rest_bold.nii.gz,/media/nabarun/TATA_MRI_Data_RAW/BIDS_task/105SS
task,105SSF1,105SS,sub-105SSF1_task-rest_bold.nii.gz,/media/nabarun/TATA_MRI_Data_RAW/BIDS_task/105SSF1
task,107GR,107GR,sub-107GR_task-rest_bold.nii.gz,/media/nabarun/TATA_MRI_Data_RAW/BIDS_task/107GR
task,107GRF1,107GR,sub-107GRF1_task-rest_bold.nii.gz,/media/nabarun/TATA_MRI_Data_RAW/BIDS_task/107GRF1
task,108MS,108MS,sub-108MS_task-rest_bold.nii.gz,/media/nabarun/TATA_MRI_Data_RAW/BIDS_task/108MS
task,108MSF1,108MS,sub-108MSF1_task-rest_bold.nii.gz,/media/nabarun/TATA_MRI_Data_RAW/BIDS_task/108MSF1
task,109AR,109AR,sub-109AR_task-rest_bold.nii.gz,/media/nabarun/TATA_MRI_Data_RAW/BIDS_task/109AR
task,110RS,110RS,sub-110RS_task-rest_bold.nii.gz,/media/nabarun/TATA_MRI_Data_RAW/BIDS_task/110RS
task,114SM,114SM,sub-114SM_task-rest_bold.nii.gz,/media/nabarun/TATA_MRI_Data_RAW/BIDS_task/114SM
task,116SK,116SK,sub-116SK_task-rest_bold.nii.gz,/media/nabarun/TATA_MRI_Data_RAW/BIDS_task/116SK
task,116SKF1,116SK,sub-116SKF1_task-rest_bold.nii.gz,/media/nabarun/TATA_MRI_Data_RAW/BIDS_task/116SKF1
task,117RKF1,117RK,sub-117RKF1_task-rest_bold.nii.gz,/media/nabarun/TATA_MRI_Data_RAW/BIDS_task/117RKF1
task,119MV,119MV,sub-119MV_task-rest_bold.nii.gz,/media/nabarun/TATA_MRI_Data_RAW/BIDS_task/119MV
task,121MM,121MM,,/media/nabarun/TATA_MRI_Data_RAW/BIDS_task/121MM
task,121MMF1,121MM,sub-121MMF1_task-rest_bold.nii.gz,/media/nabarun/TATA_MRI_Data_RAW/BIDS_task/121MMF1
task,122ES,122ES,sub-122ES_task-rest_bold.nii.gz,/media/nabarun/TATA_MRI_Data_RAW/BIDS_task/122ES
task,130HU,130HU,,/media/nabarun/TATA_MRI_Data_RAW/BIDS_task/130HU
task,131MS,131MS,sub-131MS_task-rest_bold.nii.gz,/media/nabarun/TATA_MRI_Data_RAW/BIDS_task/131MS
task,133RCF1,133RC,sub-133RCF1_task-rest_bold.nii.gz,/media/nabarun/TATA_MRI_Data_RAW/BIDS_task/133RCF1
task,134SU,134SU,sub-134SU_task-rest_bold.nii.gz,/media/nabarun/TATA_MRI_Data_RAW/BIDS_task/134SU
task,141VP,141VP,sub-141VP_task-rest_bold.nii.gz,/media/nabarun/TATA_MRI_Data_RAW/BIDS_task/141VP
task,144BR,144BR,sub-144BR_task-rest_bold.nii.gz,/media/nabarun/TATA_MRI_Data_RAW/BIDS_task/144BR
task,144BRF1,144BR,sub-144BRF1_task-rest_bold.nii.gz,/media/nabarun/TATA_MRI_Data_RAW/BIDS_task/144BRF1
task,145SR,145SR,sub-145SR_task-rest_bold.nii.gz,/media/nabarun/TATA_MRI_Data_RAW/BIDS_task/145SR
task,145SRF1,145SR,sub-145SRF1_task-rest_bold.nii.gz,/media/nabarun/TATA_MRI_Data_RAW/BIDS_task/145SRF1
task,154AP,154AP,sub-154AP_task-rest_bold.nii.gz,/media/nabarun/TATA_MRI_Data_RAW/BIDS_task/154AP
task,154APF1,154AP,,/media/nabarun/TATA_MRI_Data_RAW/BIDS_task/154APF1
task,155CN,155CN,sub-155CN_task-rest_bold.nii.gz,/media/nabarun/TATA_MRI_Data_RAW/BIDS_task/155CN
task,155CNF1,155CN,sub-155CNF1_task-rest_bold.nii.gz,/media/nabarun/TATA_MRI_Data_RAW/BIDS_task/155CNF1
task,160AS,160AS,sub-160AS_task-rest_bold.nii.gz,/media/nabarun/TATA_MRI_Data_RAW/BIDS_task/160AS
task,160ASF1,160AS,sub-160ASF1_task-rest_bold.nii.gz,/media/nabarun/TATA_MRI_Data_RAW/BIDS_task/160ASF1
task,163MR,163MR,sub-163MR_task-rest_bold.nii.gz,/media/nabarun/TATA_MRI_Data_RAW/BIDS_task/163MR
task,163MRF1,163MR,sub-163MRF1_task-rest_bold.nii.gz,/media/nabarun/TATA_MRI_Data_RAW/BIDS_task/163MRF1
task,165AR,165AR,sub-165AR_task-rest_bold.nii.gz,/media/nabarun/TATA_MRI_Data_RAW/BIDS_task/165AR
task,165ARF1,165AR,sub-165ARF1_task-rest_bold.nii.gz,/media/nabarun/TATA_MRI_Data_RAW/BIDS_task/165ARF1
task,176GS,176GS,,/media/nabarun/TATA_MRI_Data_RAW/BIDS_task/176GS
task,177MR,177MR,sub-177MR_task-rest_bold.nii.gz,/media/nabarun/TATA_MRI_Data_RAW/BIDS_task/177MR
task,177MRF1,177MR,sub-177MRF1_task-rest_bold.nii.gz,/media/nabarun/TATA_MRI_Data_RAW/BIDS_task/177MRF1
task,180MM,180MM,sub-180MM_task-rest_bold.nii.gz,/media/nabarun/TATA_MRI_Data_RAW/BIDS_task/180MM
task,180SMF1,180SM,sub-180SMF1_task-rest_bold.nii.gz,/media/nabarun/TATA_MRI_Data_RAW/BIDS_task/180SMF1
task,181VM,181VM,sub-181VM_task-rest_bold.nii.gz,/media/nabarun/TATA_MRI_Data_RAW/BIDS_task/181VM
task,181VMF1,181VM,sub-181VMF1_task-rest_bold.nii.gz,/media/nabarun/TATA_MRI_Data_RAW/BIDS_task/181VMF1
task,182PJ,182PJ,sub-182PJ_task-rest_bold.nii.gz,/media/nabarun/TATA_MRI_Data_RAW/BIDS_task/182PJ
task,184VP,184VP,sub-184VP_task-rest_bold.nii.gz,/media/nabarun/TATA_MRI_Data_RAW/BIDS_task/184VP
task,192TV,192TV,sub-192TV_task-rest_bold.nii.gz,/media/nabarun/TATA_MRI_Data_RAW/BIDS_task/192TV
task,192TVF1,192TV,sub-192TVF1_task-rest_bold.nii.gz,/media/nabarun/TATA_MRI_Data_RAW/BIDS_task/192TVF1
task,193JR,193JR,sub-193JR_task-rest_bold.nii.gz,/media/nabarun/TATA_MRI_Data_RAW/BIDS_task/193JR
task,193JRF1,193JR,sub-193JRF1_task-rest_bold.nii.gz,/media/nabarun/TATA_MRI_Data_RAW/BIDS_task/193JRF1
task,196RV,196RV,sub-196RV_task-rest_bold.nii.gz,/media/nabarun/TATA_MRI_Data_RAW/BIDS_task/196RV
task,199KL,199KL,sub-199KL_task-rest_bold.nii.gz,/media/nabarun/TATA_MRI_Data_RAW/BIDS_task/199KL
task,202SM,202SM,sub-202SM_task-rest_bold.nii.gz,/media/nabarun/TATA_MRI_Data_RAW/BIDS_task/202SM
task,202SMF1,202SM,sub-202SMF1_task-rest_bold.nii.gz,/media/nabarun/TATA_MRI_Data_RAW/BIDS_task/202SMF1
task,203VC,203VC,sub-203VC_task-rest_bold.nii.gz,/media/nabarun/TATA_MRI_Data_RAW/BIDS_task/203VC
task,203VCF1,203VC,sub-203VCF1_task-rest_bold.nii.gz,/media/nabarun/TATA_MRI_Data_RAW/BIDS_task/203VCF1
task,204NC,204NC,sub-204NC_task-rest_bold.nii.gz,/media/nabarun/TATA_MRI_Data_RAW/BIDS_task/204NC
task,204NCF1,204NC,sub-204NCF1_task-rest_bold.nii.gz,/media/nabarun/TATA_MRI_Data_RAW/BIDS_task/204NCF1
task,205MG,205MG,sub-205MG_task-rest_bold.nii.gz,/media/nabarun/TATA_MRI_Data_RAW/BIDS_task/205MG
task,205MGF1,205MG,sub-205MGF1_task-rest_bold.nii.gz,/media/nabarun/TATA_MRI_Data_RAW/BIDS_task/205MGF1
task,208DGcomplete,208DG,,/media/nabarun/TATA_MRI_Data_RAW/BIDS_task/208DGcomplete
task,212YK,212YK,sub-212YK_task-rest_bold.nii.gz,/media/nabarun/TATA_MRI_Data_RAW/BIDS_task/212YK
task,212YKF1,212YK,sub-212YKF1_task-rest_bold.nii.gz,/media/nabarun/TATA_MRI_Data_RAW/BIDS_task/212YKF1
task,214PK,214PK,sub-214PK_task-rest_bold.nii.gz,/media/nabarun/TATA_MRI_Data_RAW/BIDS_task/214PK
task,214PKF1,214PK,sub-214PKF1_task-rest_bold.nii.gz,/media/nabarun/TATA_MRI_Data_RAW/BIDS_task/214PKF1
task,215MS,215MS,sub-215MS_task-rest_bold.nii.gz,/media/nabarun/TATA_MRI_Data_RAW/BIDS_task/215MS
task,215MSF1,215MS,sub-215MSF1_task-rest_bold.nii.gz,/media/nabarun/TATA_MRI_Data_RAW/BIDS_task/215MSF1
task,221NK,221NK,sub-221NK_task-rest_bold.nii.gz,/media/nabarun/TATA_MRI_Data_RAW/BIDS_task/221NK
task,222VK,222VK,sub-222VK_task-rest_bold.nii.gz,/media/nabarun/TATA_MRI_Data_RAW/BIDS_task/222VK
task,223VS,223VS,sub-223VS_task-rest_bold.nii.gz,/media/nabarun/TATA_MRI_Data_RAW/BIDS_task/223VS
task,224AA,224AA,sub-224AA_task-rest_bold.nii.gz,/media/nabarun/TATA_MRI_Data_RAW/BIDS_task/224AA
task,224AAF1,224AA,sub-224AAF1_task-rest_bold.nii.gz,/media/nabarun/TATA_MRI_Data_RAW/BIDS_task/224AAF1
task,229MJ,229MJ,sub-229MJ_task-rest_bold.nii.gz,/media/nabarun/TATA_MRI_Data_RAW/BIDS_task/229MJ
task,230SB,230SB,sub-230SB_task-rest_bold.nii.gz,/media/nabarun/TATA_MRI_Data_RAW/BIDS_task/230SB
task,230SBF1,230SB,sub-230SBF1_task-rest_bold.nii.gz,/media/nabarun/TATA_MRI_Data_RAW/BIDS_task/230SBF1
task,232SC,232SC,sub-232SC_task-rest_bold.nii.gz,/media/nabarun/TATA_MRI_Data_RAW/BIDS_task/232SC
task,232SCF1,232SC,sub-232SCF1_task-rest_bold.nii.gz,/media/nabarun/TATA_MRI_Data_RAW/BIDS_task/232SCF1
task,234GA,234GA,sub-234GA_task-rest_bold.nii.gz,/media/nabarun/TATA_MRI_Data_RAW/BIDS_task/234GA
task,234GAF1,234GA,sub-234GAF1_task-rest_bold.nii.gz,/media/nabarun/TATA_MRI_Data_RAW/BIDS_task/234GAF1
task,235KM,235KM,sub-235KM_task-rest_bold.nii.gz,/media/nabarun/TATA_MRI_Data_RAW/BIDS_task/235KM
task,235KMF1,235KM,sub-235KMF1_task-rest_bold.nii.gz,/media/nabarun/TATA_MRI_Data_RAW/BIDS_task/235KMF1
task,236SD,236SD,sub-236SD_task-rest_bold.nii.gz,/media/nabarun/TATA_MRI_Data_RAW/BIDS_task/236SD
task,238AK,238AK,sub-238AK_task-rest_bold.nii.gz,/media/nabarun/TATA_MRI_Data_RAW/BIDS_task/238AK
task,240MR,240MR,sub-240MR_task-rest_bold.nii.gz,/media/nabarun/TATA_MRI_Data_RAW/BIDS_task/240MR
task,242VA,242VA,sub-242VA_task-rest_bold.nii.gz,/media/nabarun/TATA_MRI_Data_RAW/BIDS_task/242VA
task,246TD,246TD,sub-246TD_task-rest_bold.nii.gz,/media/nabarun/TATA_MRI_Data_RAW/BIDS_task/246TD
task,247KS,247KS,sub-247KS_task-rest_bold.nii.gz,/media/nabarun/TATA_MRI_Data_RAW/BIDS_task/247KS
task,249DB,249DB,sub-249DB_task-rest_bold.nii.gz,/media/nabarun/TATA_MRI_Data_RAW/BIDS_task/249DB
task,249DBF1,249DB,sub-249DBF1_task-rest_bold.nii.gz,/media/nabarun/TATA_MRI_Data_RAW/BIDS_task/249DBF1
task,251DB,251DB,sub-251DB_task-rest_bold.nii.gz,/media/nabarun/TATA_MRI_Data_RAW/BIDS_task/251DB
task,252BS,252BS,sub-252BS_task-rest_bold.nii.gz,/media/nabarun/TATA_MRI_Data_RAW/BIDS_task/252BS
task,253KH,253KH,sub-253KH_task-rest_bold.nii.gz,/media/nabarun/TATA_MRI_Data_RAW/BIDS_task/253KH
task,254SS,254SS,sub-254SS_task-rest_bold.nii.gz,/media/nabarun/TATA_MRI_Data_RAW/BIDS_task/254SS
task,255IS,255IS,,/media/nabarun/TATA_MRI_Data_RAW/BIDS_task/255IS
task,255ISF1,255IS,,/media/nabarun/TATA_MRI_Data_RAW/BIDS_task/255ISF1
task,256GJ,256GJ,sub-256GJ_task-rest_bold.nii.gz,/media/nabarun/TATA_MRI_Data_RAW/BIDS_task/256GJ
task,257PS,257PS,sub-257PS_task-rest_bold.nii.gz,/media/nabarun/TATA_MRI_Data_RAW/BIDS_task/257PS
task,257PSF1,257PS,sub-257PSF1_task-rest_bold.nii.gz,/media/nabarun/TATA_MRI_Data_RAW/BIDS_task/257PSF1
task,258AS,258AS,sub-258AS_task-rest_bold.nii.gz,/media/nabarun/TATA_MRI_Data_RAW/BIDS_task/258AS
task,259NS,259NS,sub-259NS_task-rest_bold.nii.gz,/media/nabarun/TATA_MRI_Data_RAW/BIDS_task/259NS
task,259NSF1,259NS,sub-259NSF1_task-rest_bold.nii.gz,/media/nabarun/TATA_MRI_Data_RAW/BIDS_task/259NSF1
task,261GB,261GB,sub-261GB_task-rest_bold.nii.gz,/media/nabarun/TATA_MRI_Data_RAW/BIDS_task/261GB
task,261GBF1,261GB,sub-261GBF1_task-rest_bold.nii.gz,/media/nabarun/TATA_MRI_Data_RAW/BIDS_task/261GBF1
task,267TKF1,267TK,sub-267TKF1_task-rest_bold.nii.gz,/media/nabarun/TATA_MRI_Data_RAW/BIDS_task/267TKF1
task,268MK,268MK,sub-268MK_task-rest_bold.nii.gz,/media/nabarun/TATA_MRI_Data_RAW/BIDS_task/268MK
task,273GG,273GG,sub-273GG_task-rest_bold.nii.gz,/media/nabarun/TATA_MRI_Data_RAW/BIDS_task/273GG
task,275KK,275KK,sub-275KK_task-rest_bold.nii.gz,/media/nabarun/TATA_MRI_Data_RAW/BIDS_task/275KK
task,275KKF1,275KK,sub-275KKF1_task-rest_bold.nii.gz,/media/nabarun/TATA_MRI_Data_RAW/BIDS_task/275KKF1
task,276GG,276GG,sub-276GG_task-rest_bold.nii.gz,/media/nabarun/TATA_MRI_Data_RAW/BIDS_task/276GG
task,277TG,277TG,sub-277TG_task-rest_bold.nii.gz,/media/nabarun/TATA_MRI_Data_RAW/BIDS_task/277TG
task,280UK,280UK,sub-280UK_task-rest_bold.nii.gz,/media/nabarun/TATA_MRI_Data_RAW/BIDS_task/280UK
task,282AB,282AB,sub-282AB_task-rest_bold.nii.gz,/media/nabarun/TATA_MRI_Data_RAW/BIDS_task/282AB
task,282ABF1,282AB,sub-282ABF1_task-rest_bold.nii.gz,/media/nabarun/TATA_MRI_Data_RAW/BIDS_task/282ABF1
task,283SMF1,283SM,sub-283SMF1_task-rest_bold.nii.gz,/media/nabarun/TATA_MRI_Data_RAW/BIDS_task/283SMF1
task,284PP,284PP,sub-284PP_task-rest_bold.nii.gz,/media/nabarun/TATA_MRI_Data_RAW/BIDS_task/284PP
task,284PPF1,284PP,sub-284PPF1_task-rest_bold.nii.gz,/media/nabarun/TATA_MRI_Data_RAW/BIDS_task/284PPF1
task,285AS,285AS,sub-285AS_task-rest_bold.nii.gz,/media/nabarun/TATA_MRI_Data_RAW/BIDS_task/285AS
task,286VP,286VP,sub-286VP_task-rest_bold.nii.gz,/media/nabarun/TATA_MRI_Data_RAW/BIDS_task/286VP
task,286VPF1,286VP,sub-286VPF1_task-rest_bold.nii.gz,/media/nabarun/TATA_MRI_Data_RAW/BIDS_task/286VPF1
task,287NM,287NM,sub-287NM_task-rest_bold.nii.gz,/media/nabarun/TATA_MRI_Data_RAW/BIDS_task/287NM
task,288ES,288ES,sub-288ES_task-rest_bold.nii.gz,/media/nabarun/TATA_MRI_Data_RAW/BIDS_task/288ES
task,288ESF1,288ES,sub-288ESF1_task-rest_bold.nii.gz,/media/nabarun/TATA_MRI_Data_RAW/BIDS_task/288ESF1
task,290AE,290AE,sub-290AE_task-rest_bold.nii.gz,/media/nabarun/TATA_MRI_Data_RAW/BIDS_task/290AE
task,290AEF1,290AE,sub-290AEF1_task-rest_bold.nii.gz,/media/nabarun/TATA_MRI_Data_RAW/BIDS_task/290AEF1
task,294CL,294CL,sub-294CL_task-rest_bold.nii.gz,/media/nabarun/TATA_MRI_Data_RAW/BIDS_task/294CL
task,296SV,296SV,sub-296SV_task-rest_bold.nii.gz,/media/nabarun/TATA_MRI_Data_RAW/BIDS_task/296SV
task,298SY,298SY,sub-298SY_task-rest_bold.nii.gz,/media/nabarun/TATA_MRI_Data_RAW/BIDS_task/298SY
task,299KS,299KS,sub-299KS_task-rest_bold.nii.gz,/media/nabarun/TATA_MRI_Data_RAW/BIDS_task/299KS
task,300PS,300PS,sub-300PS_task-rest_bold.nii.gz,/media/nabarun/TATA_MRI_Data_RAW/BIDS_task/300PS
task,300PSF1,300PS,sub-300PSF1_task-rest_bold.nii.gz,/media/nabarun/TATA_MRI_Data_RAW/BIDS_task/300PSF1
task,307SK,307SK,sub-307SK_task-rest_bold.nii.gz,/media/nabarun/TATA_MRI_Data_RAW/BIDS_task/307SK
task,308KS,308KS,sub-308KS_task-rest_bold.nii.gz,/media/nabarun/TATA_MRI_Data_RAW/BIDS_task/308KS
task,308SSF1,308SS,sub-308SSF1_task-rest_bold.nii.gz,/media/nabarun/TATA_MRI_Data_RAW/BIDS_task/308SSF1
task,309KSF1,309KS,sub-309KSF1_task-rest_bold.nii.gz,/media/nabarun/TATA_MRI_Data_RAW/BIDS_task/309KSF1
task,309SS,309SS,sub-309SS_task-rest_bold.nii.gz,/media/nabarun/TATA_MRI_Data_RAW/BIDS_task/309SS
task,311PB,311PB,sub-311PB_task-rest_bold.nii.gz,/media/nabarun/TATA_MRI_Data_RAW/BIDS_task/311PB
task,315NH,315NH,sub-315NH_task-rest_bold.nii.gz,/media/nabarun/TATA_MRI_Data_RAW/BIDS_task/315NH
task,316RN,316RN,sub-316RN_task-rest_bold.nii.gz,/media/nabarun/TATA_MRI_Data_RAW/BIDS_task/316RN
task,317UN,317UN,sub-317UN_task-rest_bold.nii.gz,/media/nabarun/TATA_MRI_Data_RAW/BIDS_task/317UN
task,318FS,318FS,sub-318FS_task-rest_bold.nii.gz,/media/nabarun/TATA_MRI_Data_RAW/BIDS_task/318FS
task,319UPCompelete,319UP,sub-319UPCompelete_task-rest_bold.nii.gz,/media/nabarun/TATA_MRI_Data_RAW/BIDS_task/319UPCompelete
task,319UPF1,319UP,sub-319UPF1_task-rest_bold.nii.gz,/media/nabarun/TATA_MRI_Data_RAW/BIDS_task/319UPF1
task,319UPonesequenceof320MP,319UP,sub-319UPonesequenceof320MP_task-rest_bold.nii.gz,/media/nabarun/TATA_MRI_Data_RAW/BIDS_task/319UPonesequenceof320MP
task,320MP,320MP,,/media/nabarun/TATA_MRI_Data_RAW/BIDS_task/320MP
task,320MPF1,320MP,sub-320MPF1_task-rest_bold.nii.gz,/media/nabarun/TATA_MRI_Data_RAW/BIDS_task/320MPF1
task,324SP,324SP,sub-324SP_task-rest_bold.nii.gz,/media/nabarun/TATA_MRI_Data_RAW/BIDS_task/324SP
task,326BH,326BH,sub-326BH_task-rest_bold.nii.gz,/media/nabarun/TATA_MRI_Data_RAW/BIDS_task/326BH
task,328MR,328MR,sub-328MR_task-rest_bold.nii.gz,/media/nabarun/TATA_MRI_Data_RAW/BIDS_task/328MR
task,328MRComplete,328MR,sub-328MRComplete_task-rest_bold.nii.gz,/media/nabarun/TATA_MRI_Data_RAW/BIDS_task/328MRComplete
task,331AK,331AK,sub-331AK_task-rest_bold.nii.gz,/media/nabarun/TATA_MRI_Data_RAW/BIDS_task/331AK
task,334NS,334NS,sub-334NS_task-rest_bold.nii.gz,/media/nabarun/TATA_MRI_Data_RAW/BIDS_task/334NS
task,337MK,337MK,sub-337MK_task-rest_bold.nii.gz,/media/nabarun/TATA_MRI_Data_RAW/BIDS_task/337MK
task,338SM,338SM,sub-338SM_task-rest_bold.nii.gz,/media/nabarun/TATA_MRI_Data_RAW/BIDS_task/338SM
task,342RS,342RS,sub-342RS_task-rest_bold.nii.gz,/media/nabarun/TATA_MRI_Data_RAW/BIDS_task/342RS
task,343PJ,343PJ,sub-343PJ_task-rest_bold.nii.gz,/media/nabarun/TATA_MRI_Data_RAW/BIDS_task/343PJ
task,344UK,344UK,sub-344UK_task-rest_bold.nii.gz,/media/nabarun/TATA_MRI_Data_RAW/BIDS_task/344UK
task,345SU,345SU,sub-345SU_task-rest_bold.nii.gz,/media/nabarun/TATA_MRI_Data_RAW/BIDS_task/345SU
task,350SP,350SP,sub-350SP_task-rest_bold.nii.gz,/media/nabarun/TATA_MRI_Data_RAW/BIDS_task/350SP
task,351NK,351NK,sub-351NK_task-rest_bold.nii.gz,/media/nabarun/TATA_MRI_Data_RAW/BIDS_task/351NK
task,352NR,352NR,,/media/nabarun/TATA_MRI_Data_RAW/BIDS_task/352NR
task,355RR,355RR,sub-355RR_task-rest_bold.nii.gz,/media/nabarun/TATA_MRI_Data_RAW/BIDS_task/355RR
task,356SM,356SM,,/media/nabarun/TATA_MRI_Data_RAW/BIDS_task/356SM
task,357PJ,357PJ,sub-357PJ_task-rest_bold.nii.gz,/media/nabarun/TATA_MRI_Data_RAW/BIDS_task/357PJ
task,358AK,358AK,sub-358AK_task-rest_bold.nii.gz,/media/nabarun/TATA_MRI_Data_RAW/BIDS_task/358AK
task,359PV,359PV,sub-359PV_task-rest_bold.nii.gz,/media/nabarun/TATA_MRI_Data_RAW/BIDS_task/359PV
task,360SK,360SK,sub-360SK_task-rest_bold.nii.gz,/media/nabarun/TATA_MRI_Data_RAW/BIDS_task/360SK
task,362AR,362AR,sub-362AR_task-rest_bold.nii.gz,/media/nabarun/TATA_MRI_Data_RAW/BIDS_task/362AR
task,363HR,363HR,sub-363HR_task-rest_bold.nii.gz,/media/nabarun/TATA_MRI_Data_RAW/BIDS_task/363HR
task,364BS,364BS,sub-364BS_task-rest_bold.nii.gz,/media/nabarun/TATA_MRI_Data_RAW/BIDS_task/364BS
task,367RK,367RK,sub-367RK_task-rest_bold.nii.gz,/media/nabarun/TATA_MRI_Data_RAW/BIDS_task/367RK
task,369ML,369ML,,/media/nabarun/TATA_MRI_Data_RAW/BIDS_task/369ML
task,370MS,370MS,,/media/nabarun/TATA_MRI_Data_RAW/BIDS_task/370MS
task,372TH,372TH,sub-372TH_task-rest_bold.nii.gz,/media/nabarun/TATA_MRI_Data_RAW/BIDS_task/372TH
task,373LH,373LH,sub-373LH_task-rest_bold.nii.gz,/media/nabarun/TATA_MRI_Data_RAW/BIDS_task/373LH
task,374BG,374BG,sub-374BG_task-rest_bold.nii.gz,/media/nabarun/TATA_MRI_Data_RAW/BIDS_task/374BG
task,377TB,377TB,sub-377TB_task-rest_bold.nii.gz,/media/nabarun/TATA_MRI_Data_RAW/BIDS_task/377TB
task,383HN,383HN,sub-383HN_task-rest_bold.nii.gz,/media/nabarun/TATA_MRI_Data_RAW/BIDS_task/383HN
task,384JB,384JB,sub-384JB_task-rest_bold.nii.gz,/media/nabarun/TATA_MRI_Data_RAW/BIDS_task/384JB
task,385KS,385KS,sub-385KS_task-rest_bold.nii.gz,/media/nabarun/TATA_MRI_Data_RAW/BIDS_task/385KS
task,386MS,386MS,sub-386MS_task-rest_bold.nii.gz,/media/nabarun/TATA_MRI_Data_RAW/BIDS_task/386MS
task,396SC,396SC,sub-396SC_task-rest_bold.nii.gz,/media/nabarun/TATA_MRI_Data_RAW/BIDS_task/396SC
task,398NN,398NN,sub-398NN_task-rest_bold.nii.gz,/media/nabarun/TATA_MRI_Data_RAW/BIDS_task/398NN
task,399RS,399RS,sub-399RS_task-rest_bold.nii.gz,/media/nabarun/TATA_MRI_Data_RAW/BIDS_task/399RS
task,403LN,403LN,sub-403LN_task-rest_bold.nii.gz,/media/nabarun/TATA_MRI_Data_RAW/BIDS_task/403LN
task,404RN,404RN,sub-404RN_task-rest_bold.nii.gz,/media/nabarun/TATA_MRI_Data_RAW/BIDS_task/404RN
task,406GK,406GK,sub-406GK_task-rest_bold.nii.gz,/media/nabarun/TATA_MRI_Data_RAW/BIDS_task/406GK
task,407VK,407VK,,/media/nabarun/TATA_MRI_Data_RAW/BIDS_task/407VK
task,410RG,410RG,sub-410RG_task-rest_bold.nii.gz,/media/nabarun/TATA_MRI_Data_RAW/BIDS_task/410RG
task,413JL,413JL,sub-413JL_task-rest_bold.nii.gz,/media/nabarun/TATA_MRI_Data_RAW/BIDS_task/413JL
task,417SS,417SS,sub-417SS_task-rest_bold.nii.gz,/media/nabarun/TATA_MRI_Data_RAW/BIDS_task/417SS
task,421UJ,421UJ,sub-421UJ_task-rest_bold.nii.gz,/media/nabarun/TATA_MRI_Data_RAW/BIDS_task/421UJ
task,422CJ,422CJ,sub-422CJ_task-rest_bold.nii.gz,/media/nabarun/TATA_MRI_Data_RAW/BIDS_task/422CJ
task,425TJ,425TJ,sub-425TJ_task-rest_bold.nii.gz,/media/nabarun/TATA_MRI_Data_RAW/BIDS_task/425TJ
task,427AN,427AN,sub-427AN_task-rest_bold.nii.gz,/media/nabarun/TATA_MRI_Data_RAW/BIDS_task/427AN
task,429PM,429PM,sub-429PM_task-rest_bold.nii.gz,/media/nabarun/TATA_MRI_Data_RAW/BIDS_task/429PM
task,433VV,433VV,sub-433VV_task-rest_bold.nii.gz,/media/nabarun/TATA_MRI_Data_RAW/BIDS_task/433VV
task,440KS,440KS,sub-440KS_task-rest_bold.nii.gz,/media/nabarun/TATA_MRI_Data_RAW/BIDS_task/440KS
task,441SS,441SS,sub-441SS_task-rest_bold.nii.gz,/media/nabarun/TATA_MRI_Data_RAW/BIDS_task/441SS
task,442AS,442AS,sub-442AS_task-rest_bold.nii.gz,/media/nabarun/TATA_MRI_Data_RAW/BIDS_task/442AS
task,443KT,443KT,sub-443KT_task-rest_bold.nii.gz,/media/nabarun/TATA_MRI_Data_RAW/BIDS_task/443KT
task,444VB,444VB,sub-444VB_task-rest_bold.nii.gz,/media/nabarun/TATA_MRI_Data_RAW/BIDS_task/444VB
task,446RS,446RS,sub-446RS_task-rest_bold.nii.gz,/media/nabarun/TATA_MRI_Data_RAW/BIDS_task/446RS
task,448CM,448CM,sub-448CM_task-rest_bold.nii.gz,/media/nabarun/TATA_MRI_Data_RAW/BIDS_task/448CM
task,449KM,449KM,sub-449KM_task-rest_bold.nii.gz,/media/nabarun/TATA_MRI_Data_RAW/BIDS_task/449KM
task,456SP,456SP,sub-456SP_task-rest_bold.nii.gz,/media/nabarun/TATA_MRI_Data_RAW/BIDS_task/456SP
task,459GK,459GK,sub-459GK_task-rest_bold.nii.gz,/media/nabarun/TATA_MRI_Data_RAW/BIDS_task/459GK
task,465JM,465JM,sub-465JM_task-rest_bold.nii.gz,/media/nabarun/TATA_MRI_Data_RAW/BIDS_task/465JM
task,467SC,467SC,sub-467SC_task-rest_bold.nii.gz,/media/nabarun/TATA_MRI_Data_RAW/BIDS_task/467SC
task,468RC,468RC,sub-468RC_task-rest_bold.nii.gz,/media/nabarun/TATA_MRI_Data_RAW/BIDS_task/468RC
task,469LM,469LM,sub-469LM_task-rest_bold.nii.gz,/media/nabarun/TATA_MRI_Data_RAW/BIDS_task/469LM
task,472VS,472VS,sub-472VS_task-rest_bold.nii.gz,/media/nabarun/TATA_MRI_Data_RAW/BIDS_task/472VS
task,473SV,473SV,sub-473SV_task-rest_bold.nii.gz,/media/nabarun/TATA_MRI_Data_RAW/BIDS_task/473SV
task,474PR,474PR,sub-474PR_task-rest_bold.nii.gz,/media/nabarun/TATA_MRI_Data_RAW/BIDS_task/474PR
task,475NRFinal,475NR,sub-475NRFinal_task-rest_bold.nii.gz,/media/nabarun/TATA_MRI_Data_RAW/BIDS_task/475NRFinal
task,480VH,480VH,sub-480VH_task-rest_bold.nii.gz,/media/nabarun/TATA_MRI_Data_RAW/BIDS_task/480VH
task,481MH,481MH,sub-481MH_task-rest_bold.nii.gz,/media/nabarun/TATA_MRI_Data_RAW/BIDS_task/481MH
task,488DGFINAL,488DG,,/media/nabarun/TATA_MRI_Data_RAW/BIDS_task/488DGFINAL
task,491PS,491PS,sub-491PS_task-rest_bold.nii.gz,/media/nabarun/TATA_MRI_Data_RAW/BIDS_task/491PS
task,492AN,492AN,sub-492AN_task-rest_bold.nii.gz,/media/nabarun/TATA_MRI_Data_RAW/BIDS_task/492AN
task,509JY,509JY,sub-509JY_task-rest_bold.nii.gz,/media/nabarun/TATA_MRI_Data_RAW/BIDS_task/509JY
task,512RS,512RS,,/media/nabarun/TATA_MRI_Data_RAW/BIDS_task/512RS
task,513TS,513TS,sub-513TS_task-rest_bold.nii.gz,/media/nabarun/TATA_MRI_Data_RAW/BIDS_task/513TS
task,515RM,515RM,sub-515RM_task-rest_bold.nii.gz,/media/nabarun/TATA_MRI_Data_RAW/BIDS_task/515RM
task,533PK,533PK,sub-533PK_task-rest_bold.nii.gz,/media/nabarun/TATA_MRI_Data_RAW/BIDS_task/533PK
task,536UN,536UN,sub-536UN_task-rest_bold.nii.gz,/media/nabarun/TATA_MRI_Data_RAW/BIDS_task/536UN
task,538RS,538RS,sub-538RS_task-rest_bold.nii.gz,/media/nabarun/TATA_MRI_Data_RAW/BIDS_task/538RS
task,538RSsecondCD,538RS,sub-538RSsecondCD_task-rest_bold.nii.gz,/media/nabarun/TATA_MRI_Data_RAW/BIDS_task/538RSsecondCD
task,546BG,546BG,sub-546BG_task-rest_bold.nii.gz,/media/nabarun/TATA_MRI_Data_RAW/BIDS_task/546BG
rest,002NRF2,002NR,sub-002NRF2_task-rest_bold.nii.gz,/media/nabarun/TATA_MRI_Data_RAW/BIDS_rest/002NRF2
rest,003RSF1,003RS,,/media/nabarun/TATA_MRI_Data_RAW/BIDS_rest/003RSF1
rest,003RSF2,003RS,sub-003RSF2_task-rest_bold.nii.gz,/media/nabarun/TATA_MRI_Data_RAW/BIDS_rest/003RSF2
rest,004SASF1,004SA,sub-004SASF1_task-rest_bold.nii.gz,/media/nabarun/TATA_MRI_Data_RAW/BIDS_rest/004SASF1
rest,005SRF1,005SR,,/media/nabarun/TATA_MRI_Data_RAW/BIDS_rest/005SRF1
rest,005SRF2,005SR,sub-005SRF2_task-rest_bold.nii.gz,/media/nabarun/TATA_MRI_Data_RAW/BIDS_rest/005SRF2
rest,010MPF1,010MP,sub-010MPF1_task-rest_bold.nii.gz,/media/nabarun/TATA_MRI_Data_RAW/BIDS_rest/010MPF1
rest,011KHF1,011KH,sub-011KHF1_task-rest_bold.nii.gz,/media/nabarun/TATA_MRI_Data_RAW/BIDS_rest/011KHF1
rest,011KHF2,011KH,sub-011KHF2_task-rest_bold.nii.gz,/media/nabarun/TATA_MRI_Data_RAW/BIDS_rest/011KHF2
rest,012VKF1,012VK,,/media/nabarun/TATA_MRI_Data_RAW/BIDS_rest/012VKF1
rest,012VKF2,012VK,sub-012VKF2_task-rest_bold.nii.gz,/media/nabarun/TATA_MRI_Data_RAW/BIDS_rest/012VKF2
rest,013JM,013JM,,/media/nabarun/TATA_MRI_Data_RAW/BIDS_rest/013JM
rest,014SM,014SM,sub-014SM_task-rest_bold.nii.gz,/media/nabarun/TATA_MRI_Data_RAW/BIDS_rest/014SM
rest,019ST,019ST,sub-019ST_task-rest_bold.nii.gz,/media/nabarun/TATA_MRI_Data_RAW/BIDS_rest/019ST
rest,027SF1,027SF,sub-027SF1_task-rest_bold.nii.gz,/media/nabarun/TATA_MRI_Data_RAW/BIDS_rest/027SF1
rest,030SKF1,030SK,sub-030SKF1_task-rest_bold.nii.gz,/media/nabarun/TATA_MRI_Data_RAW/BIDS_rest/030SKF1
rest,030SKF2,030SK,sub-030SKF2_task-rest_bold.nii.gz,/media/nabarun/TATA_MRI_Data_RAW/BIDS_rest/030SKF2
rest,032NJF1,032NJ,sub-032NJF1_task-rest_bold.nii.gz,/media/nabarun/TATA_MRI_Data_RAW/BIDS_rest/032NJF1
rest,032NJF2,032NJ,sub-032NJF2_task-rest_bold.nii.gz,/media/nabarun/TATA_MRI_Data_RAW/BIDS_rest/032NJF2
rest,032NJF3,032NJ,sub-032NJF3_task-rest_bold.nii.gz,/media/nabarun/TATA_MRI_Data_RAW/BIDS_rest/032NJF3
rest,034RRF1,034RR,sub-034RRF1_task-rest_bold.nii.gz,/media/nabarun/TATA_MRI_Data_RAW/BIDS_rest/034RRF1
rest,040PRF1,040PR,sub-040PRF1_task-rest_bold.nii.gz,/media/nabarun/TATA_MRI_Data_RAW/BIDS_rest/040PRF1
rest,048CNF1,048CN,sub-048CNF1_task-rest_bold.nii.gz,/media/nabarun/TATA_MRI_Data_RAW/BIDS_rest/048CNF1
rest,050MGF1,050MG,sub-050MGF1_task-rest_bold.nii.gz,/media/nabarun/TATA_MRI_Data_RAW/BIDS_rest/050MGF1
rest,051MBF2,051MB,sub-051MBF2_task-rest_bold.nii.gz,/media/nabarun/TATA_MRI_Data_RAW/BIDS_rest/051MBF2
rest,053JSF1,053JS,sub-053JSF1_task-rest_bold.nii.gz,/media/nabarun/TATA_MRI_Data_RAW/BIDS_rest/053JSF1
rest,055VVF1,055VV,sub-055VVF1_task-rest_bold.nii.gz,/media/nabarun/TATA_MRI_Data_RAW/BIDS_rest/055VVF1
rest,057NCF1,057NC,sub-057NCF1_task-rest_bold.nii.gz,/media/nabarun/TATA_MRI_Data_RAW/BIDS_rest/057NCF1
rest,060JRF1,060JR,sub-060JRF1_task-rest_bold.nii.gz,/media/nabarun/TATA_MRI_Data_RAW/BIDS_rest/060JRF1
rest,064BRF1,064BR,sub-064BRF1_task-rest_bold.nii.gz,/media/nabarun/TATA_MRI_Data_RAW/BIDS_rest/064BRF1
rest,067RGF1,067RG,sub-067RGF1_task-rest_bold.nii.gz,/media/nabarun/TATA_MRI_Data_RAW/BIDS_rest/067RGF1
rest,068TPF1,068TP,sub-068TPF1_task-rest_bold.nii.gz,/media/nabarun/TATA_MRI_Data_RAW/BIDS_rest/068TPF1
rest,069PSF1,069PS,sub-069PSF1_task-rest_bold.nii.gz,/media/nabarun/TATA_MRI_Data_RAW/BIDS_rest/069PSF1
rest,070GPF1,070GP,sub-070GPF1_task-rest_bold.nii.gz,/media/nabarun/TATA_MRI_Data_RAW/BIDS_rest/070GPF1
rest,083MPF1,083MP,sub-083MPF1_task-rest_bold.nii.gz,/media/nabarun/TATA_MRI_Data_RAW/BIDS_rest/083MPF1
rest,083MPF2,083MP,sub-083MPF2_task-rest_bold.nii.gz,/media/nabarun/TATA_MRI_Data_RAW/BIDS_rest/083MPF2
rest,086PN,086PN,sub-086PN_task-rest_bold.nii.gz,/media/nabarun/TATA_MRI_Data_RAW/BIDS_rest/086PN
rest,088MK,088MK,sub-088MK_task-rest_bold.nii.gz,/media/nabarun/TATA_MRI_Data_RAW/BIDS_rest/088MK
rest,088MKF1,088MK,,/media/nabarun/TATA_MRI_Data_RAW/BIDS_rest/088MKF1
rest,089JL,089JL,sub-089JL_task-rest_bold.nii.gz,/media/nabarun/TATA_MRI_Data_RAW/BIDS_rest/089JL
rest,091KK,091KK,sub-091KK_task-rest_bold.nii.gz,/media/nabarun/TATA_MRI_Data_RAW/BIDS_rest/091KK
rest,091KKF1,091KK,sub-091KKF1_task-rest_bold.nii.gz,/media/nabarun/TATA_MRI_Data_RAW/BIDS_rest/091KKF1
rest,094NSF1,094NS,sub-094NSF1_task-rest_bold.nii.gz,/media/nabarun/TATA_MRI_Data_RAW/BIDS_rest/094NSF1
rest,095MN,095MN,sub-095MN_task-rest_bold.nii.gz,/media/nabarun/TATA_MRI_Data_RAW/BIDS_rest/095MN
rest,096RN,096RN,sub-096RN_task-rest_bold.nii.gz,/media/nabarun/TATA_MRI_Data_RAW/BIDS_rest/096RN
rest,097PV,097PV,sub-097PV_task-rest_bold.nii.gz,/media/nabarun/TATA_MRI_Data_RAW/BIDS_rest/097PV
rest,104GS,104GS,sub-104GS_task-rest_bold.nii.gz,/media/nabarun/TATA_MRI_Data_RAW/BIDS_rest/104GS
rest,104GSF1,104GS,sub-104GSF1_task-rest_bold.nii.gz,/media/nabarun/TATA_MRI_Data_RAW/BIDS_rest/104GSF1
rest,105SS,105SS,sub-105SS_task-rest_bold.nii.gz,/media/nabarun/TATA_MRI_Data_RAW/BIDS_rest/105SS
rest,105SSF1,105SS,sub-105SSF1_task-rest_bold.nii.gz,/media/nabarun/TATA_MRI_Data_RAW/BIDS_rest/105SSF1
rest,107GR,107GR,sub-107GR_task-rest_bold.nii.gz,/media/nabarun/TATA_MRI_Data_RAW/BIDS_rest/107GR
rest,107GRF1,107GR,sub-107GRF1_task-rest_bold.nii.gz,/media/nabarun/TATA_MRI_Data_RAW/BIDS_rest/107GRF1
rest,108MS,108MS,sub-108MS_task-rest_bold.nii.gz,/media/nabarun/TATA_MRI_Data_RAW/BIDS_rest/108MS
rest,108MSF1,108MS,sub-108MSF1_task-rest_bold.nii.gz,/media/nabarun/TATA_MRI_Data_RAW/BIDS_rest/108MSF1
rest,109AR,109AR,sub-109AR_task-rest_bold.nii.gz,/media/nabarun/TATA_MRI_Data_RAW/BIDS_rest/109AR
rest,110RS,110RS,sub-110RS_task-rest_bold.nii.gz,/media/nabarun/TATA_MRI_Data_RAW/BIDS_rest/110RS
rest,114SM,114SM,sub-114SM_task-rest_bold.nii.gz,/media/nabarun/TATA_MRI_Data_RAW/BIDS_rest/114SM
rest,116SK,116SK,sub-116SK_task-rest_bold.nii.gz,/media/nabarun/TATA_MRI_Data_RAW/BIDS_rest/116SK
rest,116SKF1,116SK,sub-116SKF1_task-rest_bold.nii.gz,/media/nabarun/TATA_MRI_Data_RAW/BIDS_rest/116SKF1
rest,117RKF1,117RK,sub-117RKF1_task-rest_bold.nii.gz,/media/nabarun/TATA_MRI_Data_RAW/BIDS_rest/117RKF1
rest,119MV,119MV,sub-119MV_task-rest_bold.nii.gz,/media/nabarun/TATA_MRI_Data_RAW/BIDS_rest/119MV
rest,121MM,121MM,sub-121MM_task-rest_bold.nii.gz,/media/nabarun/TATA_MRI_Data_RAW/BIDS_rest/121MM
rest,121MMF1,121MM,sub-121MMF1_task-rest_bold.nii.gz,/media/nabarun/TATA_MRI_Data_RAW/BIDS_rest/121MMF1
rest,122ES,122ES,sub-122ES_task-rest_bold.nii.gz,/media/nabarun/TATA_MRI_Data_RAW/BIDS_rest/122ES
rest,130HU,130HU,,/media/nabarun/TATA_MRI_Data_RAW/BIDS_rest/130HU
rest,131MS,131MS,sub-131MS_task-rest_bold.nii.gz,/media/nabarun/TATA_MRI_Data_RAW/BIDS_rest/131MS
rest,133RCF1,133RC,sub-133RCF1_task-rest_bold.nii.gz,/media/nabarun/TATA_MRI_Data_RAW/BIDS_rest/133RCF1
rest,134SU,134SU,sub-134SU_task-rest_bold.nii.gz,/media/nabarun/TATA_MRI_Data_RAW/BIDS_rest/134SU
rest,141VP,141VP,sub-141VP_task-rest_bold.nii.gz,/media/nabarun/TATA_MRI_Data_RAW/BIDS_rest/141VP
rest,144BR,144BR,sub-144BR_task-rest_bold.nii.gz,/media/nabarun/TATA_MRI_Data_RAW/BIDS_rest/144BR
rest,144BRF1,144BR,sub-144BRF1_task-rest_bold.nii.gz,/media/nabarun/TATA_MRI_Data_RAW/BIDS_rest/144BRF1
rest,145SR,145SR,sub-145SR_task-rest_bold.nii.gz,/media/nabarun/TATA_MRI_Data_RAW/BIDS_rest/145SR
rest,145SRF1,145SR,sub-145SRF1_task-rest_bold.nii.gz,/media/nabarun/TATA_MRI_Data_RAW/BIDS_rest/145SRF1
rest,154AP,154AP,sub-154AP_task-rest_bold.nii.gz,/media/nabarun/TATA_MRI_Data_RAW/BIDS_rest/154AP
rest,154APF1,154AP,sub-154APF1_task-rest_bold.nii.gz,/media/nabarun/TATA_MRI_Data_RAW/BIDS_rest/154APF1
rest,155CN,155CN,sub-155CN_task-rest_bold.nii.gz,/media/nabarun/TATA_MRI_Data_RAW/BIDS_rest/155CN
rest,155CNF1,155CN,sub-155CNF1_task-rest_bold.nii.gz,/media/nabarun/TATA_MRI_Data_RAW/BIDS_rest/155CNF1
rest,160AS,160AS,sub-160AS_task-rest_bold.nii.gz,/media/nabarun/TATA_MRI_Data_RAW/BIDS_rest/160AS
rest,160ASF1,160AS,sub-160ASF1_task-rest_bold.nii.gz,/media/nabarun/TATA_MRI_Data_RAW/BIDS_rest/160ASF1
rest,163MR,163MR,sub-163MR_task-rest_bold.nii.gz,/media/nabarun/TATA_MRI_Data_RAW/BIDS_rest/163MR
rest,163MRF1,163MR,sub-163MRF1_task-rest_bold.nii.gz,/media/nabarun/TATA_MRI_Data_RAW/BIDS_rest/163MRF1
rest,165AR,165AR,sub-165AR_task-rest_bold.nii.gz,/media/nabarun/TATA_MRI_Data_RAW/BIDS_rest/165AR
rest,165ARF1,165AR,sub-165ARF1_task-rest_bold.nii.gz,/media/nabarun/TATA_MRI_Data_RAW/BIDS_rest/165ARF1
rest,176GS,176GS,sub-176GS_task-rest_bold.nii.gz,/media/nabarun/TATA_MRI_Data_RAW/BIDS_rest/176GS
rest,177MR,177MR,sub-177MR_task-rest_bold.nii.gz,/media/nabarun/TATA_MRI_Data_RAW/BIDS_rest/177MR
rest,177MRF1,177MR,sub-177MRF1_task-rest_bold.nii.gz,/media/nabarun/TATA_MRI_Data_RAW/BIDS_rest/177MRF1
rest,180MM,180MM,sub-180MM_task-rest_bold.nii.gz,/media/nabarun/TATA_MRI_Data_RAW/BIDS_rest/180MM
rest,180SMF1,180SM,sub-180SMF1_task-rest_bold.nii.gz,/media/nabarun/TATA_MRI_Data_RAW/BIDS_rest/180SMF1
rest,181VM,181VM,sub-181VM_task-rest_bold.nii.gz,/media/nabarun/TATA_MRI_Data_RAW/BIDS_rest/181VM
rest,181VMF1,181VM,sub-181VMF1_task-rest_bold.nii.gz,/media/nabarun/TATA_MRI_Data_RAW/BIDS_rest/181VMF1
rest,182PJ,182PJ,sub-182PJ_task-rest_bold.nii.gz,/media/nabarun/TATA_MRI_Data_RAW/BIDS_rest/182PJ
rest,184VP,184VP,sub-184VP_task-rest_bold.nii.gz,/media/nabarun/TATA_MRI_Data_RAW/BIDS_rest/184VP
rest,192TV,192TV,sub-192TV_task-rest_bold.nii.gz,/media/nabarun/TATA_MRI_Data_RAW/BIDS_rest/192TV
rest,192TVF1,192TV,sub-192TVF1_task-rest_bold.nii.gz,/media/nabarun/TATA_MRI_Data_RAW/BIDS_rest/192TVF1
rest,193JR,193JR,sub-193JR_task-rest_bold.nii.gz,/media/nabarun/TATA_MRI_Data_RAW/BIDS_rest/193JR
rest,193JRF1,193JR,sub-193JRF1_task-rest_bold.nii.gz,/media/nabarun/TATA_MRI_Data_RAW/BIDS_rest/193JRF1
rest,196RV,196RV,sub-196RV_task-rest_bold.nii.gz,/media/nabarun/TATA_MRI_Data_RAW/BIDS_rest/196RV
rest,199KL,199KL,sub-199KL_task-rest_bold.nii.gz,/media/nabarun/TATA_MRI_Data_RAW/BIDS_rest/199KL
rest,202SM,202SM,sub-202SM_task-rest_bold.nii.gz,/media/nabarun/TATA_MRI_Data_RAW/BIDS_rest/202SM
rest,202SMF1,202SM,sub-202SMF1_task-rest_bold.nii.gz,/media/nabarun/TATA_MRI_Data_RAW/BIDS_rest/202SMF1
rest,203VC,203VC,sub-203VC_task-rest_bold.nii.gz,/media/nabarun/TATA_MRI_Data_RAW/BIDS_rest/203VC
rest,203VCF1,203VC,sub-203VCF1_task-rest_bold.nii.gz,/media/nabarun/TATA_MRI_Data_RAW/BIDS_rest/203VCF1
rest,204NC,204NC,sub-204NC_task-rest_bold.nii.gz,/media/nabarun/TATA_MRI_Data_RAW/BIDS_rest/204NC
rest,204NCF1,204NC,sub-204NCF1_task-rest_bold.nii.gz,/media/nabarun/TATA_MRI_Data_RAW/BIDS_rest/204NCF1
rest,205MG,205MG,sub-205MG_task-rest_bold.nii.gz,/media/nabarun/TATA_MRI_Data_RAW/BIDS_rest/205MG
rest,205MGF1,205MG,sub-205MGF1_task-rest_bold.nii.gz,/media/nabarun/TATA_MRI_Data_RAW/BIDS_rest/205MGF1
rest,208DGcomplete,208DG,sub-208DGcomplete_task-rest_bold.nii.gz,/media/nabarun/TATA_MRI_Data_RAW/BIDS_rest/208DGcomplete
rest,212YK,212YK,sub-212YK_task-rest_bold.nii.gz,/media/nabarun/TATA_MRI_Data_RAW/BIDS_rest/212YK
rest,212YKF1,212YK,sub-212YKF1_task-rest_bold.nii.gz,/media/nabarun/TATA_MRI_Data_RAW/BIDS_rest/212YKF1
rest,214PK,214PK,sub-214PK_task-rest_bold.nii.gz,/media/nabarun/TATA_MRI_Data_RAW/BIDS_rest/214PK
rest,214PKF1,214PK,sub-214PKF1_task-rest_bold.nii.gz,/media/nabarun/TATA_MRI_Data_RAW/BIDS_rest/214PKF1
rest,215MS,215MS,sub-215MS_task-rest_bold.nii.gz,/media/nabarun/TATA_MRI_Data_RAW/BIDS_rest/215MS
rest,215MSF1,215MS,sub-215MSF1_task-rest_bold.nii.gz,/media/nabarun/TATA_MRI_Data_RAW/BIDS_rest/215MSF1
rest,221NK,221NK,sub-221NK_task-rest_bold.nii.gz,/media/nabarun/TATA_MRI_Data_RAW/BIDS_rest/221NK
rest,222VK,222VK,sub-222VK_task-rest_bold.nii.gz,/media/nabarun/TATA_MRI_Data_RAW/BIDS_rest/222VK
rest,223VS,223VS,sub-223VS_task-rest_bold.nii.gz,/media/nabarun/TATA_MRI_Data_RAW/BIDS_rest/223VS
rest,224AA,224AA,sub-224AA_task-rest_bold.nii.gz,/media/nabarun/TATA_MRI_Data_RAW/BIDS_rest/224AA
rest,224AAF1,224AA,sub-224AAF1_task-rest_bold.nii.gz,/media/nabarun/TATA_MRI_Data_RAW/BIDS_rest/224AAF1
rest,229MJ,229MJ,sub-229MJ_task-rest_bold.nii.gz,/media/nabarun/TATA_MRI_Data_RAW/BIDS_rest/229MJ
rest,230SB,230SB,sub-230SB_task-rest_bold.nii.gz,/media/nabarun/TATA_MRI_Data_RAW/BIDS_rest/230SB
rest,230SBF1,230SB,sub-230SBF1_task-rest_bold.nii.gz,/media/nabarun/TATA_MRI_Data_RAW/BIDS_rest/230SBF1
rest,232SC,232SC,sub-232SC_task-rest_bold.nii.gz,/media/nabarun/TATA_MRI_Data_RAW/BIDS_rest/232SC
rest,232SCF1,232SC,sub-232SCF1_task-rest_bold.nii.gz,/media/nabarun/TATA_MRI_Data_RAW/BIDS_rest/232SCF1
rest,234GA,234GA,sub-234GA_task-rest_bold.nii.gz,/media/nabarun/TATA_MRI_Data_RAW/BIDS_rest/234GA
rest,234GAF1,234GA,sub-234GAF1_task-rest_bold.nii.gz,/media/nabarun/TATA_MRI_Data_RAW/BIDS_rest/234GAF1
rest,235KM,235KM,sub-235KM_task-rest_bold.nii.gz,/media/nabarun/TATA_MRI_Data_RAW/BIDS_rest/235KM
rest,235KMF1,235KM,sub-235KMF1_task-rest_bold.nii.gz,/media/nabarun/TATA_MRI_Data_RAW/BIDS_rest/235KMF1
rest,236SD,236SD,sub-236SD_task-rest_bold.nii.gz,/media/nabarun/TATA_MRI_Data_RAW/BIDS_rest/236SD
rest,238AK,238AK,sub-238AK_task-rest_bold.nii.gz,/media/nabarun/TATA_MRI_Data_RAW/BIDS_rest/238AK
rest,240MR,240MR,sub-240MR_task-rest_bold.nii.gz,/media/nabarun/TATA_MRI_Data_RAW/BIDS_rest/240MR
rest,242VA,242VA,sub-242VA_task-rest_bold.nii.gz,/media/nabarun/TATA_MRI_Data_RAW/BIDS_rest/242VA
rest,246TD,246TD,sub-246TD_task-rest_bold.nii.gz,/media/nabarun/TATA_MRI_Data_RAW/BIDS_rest/246TD
rest,247KS,247KS,sub-247KS_task-rest_bold.nii.gz,/media/nabarun/TATA_MRI_Data_RAW/BIDS_rest/247KS
rest,249DB,249DB,sub-249DB_task-rest_bold.nii.gz,/media/nabarun/TATA_MRI_Data_RAW/BIDS_rest/249DB
rest,249DBF1,249DB,sub-249DBF1_task-rest_bold.nii.gz,/media/nabarun/TATA_MRI_Data_RAW/BIDS_rest/249DBF1
rest,251DB,251DB,sub-251DB_task-rest_bold.nii.gz,/media/nabarun/TATA_MRI_Data_RAW/BIDS_rest/251DB
rest,252BS,252BS,sub-252BS_task-rest_bold.nii.gz,/media/nabarun/TATA_MRI_Data_RAW/BIDS_rest/252BS
rest,253KH,253KH,sub-253KH_task-rest_bold.nii.gz,/media/nabarun/TATA_MRI_Data_RAW/BIDS_rest/253KH
rest,254SS,254SS,sub-254SS_task-rest_bold.nii.gz,/media/nabarun/TATA_MRI_Data_RAW/BIDS_rest/254SS
rest,255IS,255IS,sub-255IS_task-rest_bold.nii.gz,/media/nabarun/TATA_MRI_Data_RAW/BIDS_rest/255IS
rest,255ISF1,255IS,sub-255ISF1_task-rest_bold.nii.gz,/media/nabarun/TATA_MRI_Data_RAW/BIDS_rest/255ISF1
rest,256GJ,256GJ,sub-256GJ_task-rest_bold.nii.gz,/media/nabarun/TATA_MRI_Data_RAW/BIDS_rest/256GJ
rest,257PS,257PS,sub-257PS_task-rest_bold.nii.gz,/media/nabarun/TATA_MRI_Data_RAW/BIDS_rest/257PS
rest,257PSF1,257PS,sub-257PSF1_task-rest_bold.nii.gz,/media/nabarun/TATA_MRI_Data_RAW/BIDS_rest/257PSF1
rest,258AS,258AS,sub-258AS_task-rest_bold.nii.gz,/media/nabarun/TATA_MRI_Data_RAW/BIDS_rest/258AS
rest,259NS,259NS,sub-259NS_task-rest_bold.nii.gz,/media/nabarun/TATA_MRI_Data_RAW/BIDS_rest/259NS
rest,259NSF1,259NS,sub-259NSF1_task-rest_bold.nii.gz,/media/nabarun/TATA_MRI_Data_RAW/BIDS_rest/259NSF1
rest,261GB,261GB,sub-261GB_task-rest_bold.nii.gz,/media/nabarun/TATA_MRI_Data_RAW/BIDS_rest/261GB
rest,261GBF1,261GB,sub-261GBF1_task-rest_bold.nii.gz,/media/nabarun/TATA_MRI_Data_RAW/BIDS_rest/261GBF1
rest,267TKF1,267TK,sub-267TKF1_task-rest_bold.nii.gz,/media/nabarun/TATA_MRI_Data_RAW/BIDS_rest/267TKF1
rest,268MK,268MK,sub-268MK_task-rest_bold.nii.gz,/media/nabarun/TATA_MRI_Data_RAW/BIDS_rest/268MK
rest,273GG,273GG,sub-273GG_task-rest_bold.nii.gz,/media/nabarun/TATA_MRI_Data_RAW/BIDS_rest/273GG
rest,275KK,275KK,sub-275KK_task-rest_bold.nii.gz,/media/nabarun/TATA_MRI_Data_RAW/BIDS_rest/275KK
rest,275KKF1,275KK,sub-275KKF1_task-rest_bold.nii.gz,/media/nabarun/TATA_MRI_Data_RAW/BIDS_rest/275KKF1
rest,276GG,276GG,sub-276GG_task-rest_bold.nii.gz,/media/nabarun/TATA_MRI_Data_RAW/BIDS_rest/276GG
rest,277TG,277TG,sub-277TG_task-rest_bold.nii.gz,/media/nabarun/TATA_MRI_Data_RAW/BIDS_rest/277TG
rest,280UK,280UK,sub-280UK_task-rest_bold.nii.gz,/media/nabarun/TATA_MRI_Data_RAW/BIDS_rest/280UK
rest,282AB,282AB,sub-282AB_task-rest_bold.nii.gz,/media/nabarun/TATA_MRI_Data_RAW/BIDS_rest/282AB
rest,282ABF1,282AB,sub-282ABF1_task-rest_bold.nii.gz,/media/nabarun/TATA_MRI_Data_RAW/BIDS_rest/282ABF1
rest,283SMF1,283SM,sub-283SMF1_task-rest_bold.nii.gz,/media/nabarun/TATA_MRI_Data_RAW/BIDS_rest/283SMF1
rest,284PP,284PP,sub-284PP_task-rest_bold.nii.gz,/media/nabarun/TATA_MRI_Data_RAW/BIDS_rest/284PP
rest,284PPF1,284PP,sub-284PPF1_task-rest_bold.nii.gz,/media/nabarun/TATA_MRI_Data_RAW/BIDS_rest/284PPF1
rest,285AS,285AS,sub-285AS_task-rest_bold.nii.gz,/media/nabarun/TATA_MRI_Data_RAW/BIDS_rest/285AS
rest,286VP,286VP,sub-286VP_task-rest_bold.nii.gz,/media/nabarun/TATA_MRI_Data_RAW/BIDS_rest/286VP
rest,286VPF1,286VP,sub-286VPF1_task-rest_bold.nii.gz,/media/nabarun/TATA_MRI_Data_RAW/BIDS_rest/286VPF1
rest,287NM,287NM,sub-287NM_task-rest_bold.nii.gz,/media/nabarun/TATA_MRI_Data_RAW/BIDS_rest/287NM
rest,288ES,288ES,sub-288ES_task-rest_bold.nii.gz,/media/nabarun/TATA_MRI_Data_RAW/BIDS_rest/288ES
rest,288ESF1,288ES,sub-288ESF1_task-rest_bold.nii.gz,/media/nabarun/TATA_MRI_Data_RAW/BIDS_rest/288ESF1
rest,290AE,290AE,sub-290AE_task-rest_bold.nii.gz,/media/nabarun/TATA_MRI_Data_RAW/BIDS_rest/290AE
rest,290AEF1,290AE,sub-290AEF1_task-rest_bold.nii.gz,/media/nabarun/TATA_MRI_Data_RAW/BIDS_rest/290AEF1
rest,294CL,294CL,sub-294CL_task-rest_bold.nii.gz,/media/nabarun/TATA_MRI_Data_RAW/BIDS_rest/294CL
rest,296SV,296SV,sub-296SV_task-rest_bold.nii.gz,/media/nabarun/TATA_MRI_Data_RAW/BIDS_rest/296SV
rest,298SY,298SY,sub-298SY_task-rest_bold.nii.gz,/media/nabarun/TATA_MRI_Data_RAW/BIDS_rest/298SY
rest,299KS,299KS,sub-299KS_task-rest_bold.nii.gz,/media/nabarun/TATA_MRI_Data_RAW/BIDS_rest/299KS
rest,300PS,300PS,sub-300PS_task-rest_bold.nii.gz,/media/nabarun/TATA_MRI_Data_RAW/BIDS_rest/300PS
rest,300PSF1,300PS,sub-300PSF1_task-rest_bold.nii.gz,/media/nabarun/TATA_MRI_Data_RAW/BIDS_rest/300PSF1
rest,307SK,307SK,sub-307SK_task-rest_bold.nii.gz,/media/nabarun/TATA_MRI_Data_RAW/BIDS_rest/307SK
rest,308KS,308KS,sub-308KS_task-rest_bold.nii.gz,/media/nabarun/TATA_MRI_Data_RAW/BIDS_rest/308KS
rest,308SSF1,308SS,sub-308SSF1_task-rest_bold.nii.gz,/media/nabarun/TATA_MRI_Data_RAW/BIDS_rest/308SSF1
rest,309KSF1,309KS,sub-309KSF1_task-rest_bold.nii.gz,/media/nabarun/TATA_MRI_Data_RAW/BIDS_rest/309KSF1
rest,309SS,309SS,sub-309SS_task-rest_bold.nii.gz,/media/nabarun/TATA_MRI_Data_RAW/BIDS_rest/309SS
rest,311PB,311PB,sub-311PB_task-rest_bold.nii.gz,/media/nabarun/TATA_MRI_Data_RAW/BIDS_rest/311PB
rest,315NH,315NH,sub-315NH_task-rest_bold.nii.gz,/media/nabarun/TATA_MRI_Data_RAW/BIDS_rest/315NH
rest,316RN,316RN,sub-316RN_task-rest_bold.nii.gz,/media/nabarun/TATA_MRI_Data_RAW/BIDS_rest/316RN
rest,317UN,317UN,sub-317UN_task-rest_bold.nii.gz,/media/nabarun/TATA_MRI_Data_RAW/BIDS_rest/317UN
rest,318FS,318FS,sub-318FS_task-rest_bold.nii.gz,/media/nabarun/TATA_MRI_Data_RAW/BIDS_rest/318FS
rest,319UPCompelete,319UP,sub-319UPCompelete_task-rest_bold.nii.gz,/media/nabarun/TATA_MRI_Data_RAW/BIDS_rest/319UPCompelete
rest,319UPF1,319UP,sub-319UPF1_task-rest_bold.nii.gz,/media/nabarun/TATA_MRI_Data_RAW/BIDS_rest/319UPF1
rest,319UPonesequenceof320MP,319UP,sub-319UPonesequenceof320MP_task-rest_bold.nii.gz,/media/nabarun/TATA_MRI_Data_RAW/BIDS_rest/319UPonesequenceof320MP
rest,320MP,320MP,sub-320MP_task-rest_bold.nii.gz,/media/nabarun/TATA_MRI_Data_RAW/BIDS_rest/320MP
rest,320MPF1,320MP,sub-320MPF1_task-rest_bold.nii.gz,/media/nabarun/TATA_MRI_Data_RAW/BIDS_rest/320MPF1
rest,324SP,324SP,sub-324SP_task-rest_bold.nii.gz,/media/nabarun/TATA_MRI_Data_RAW/BIDS_rest/324SP
rest,326BH,326BH,sub-326BH_task-rest_bold.nii.gz,/media/nabarun/TATA_MRI_Data_RAW/BIDS_rest/326BH
rest,328MR,328MR,sub-328MR_task-rest_bold.nii.gz,/media/nabarun/TATA_MRI_Data_RAW/BIDS_rest/328MR
rest,328MRComplete,328MR,sub-328MRComplete_task-rest_bold.nii.gz,/media/nabarun/TATA_MRI_Data_RAW/BIDS_rest/328MRComplete
rest,331AK,331AK,sub-331AK_task-rest_bold.nii.gz,/media/nabarun/TATA_MRI_Data_RAW/BIDS_rest/331AK
rest,334NS,334NS,sub-334NS_task-rest_bold.nii.gz,/media/nabarun/TATA_MRI_Data_RAW/BIDS_rest/334NS
rest,337MK,337MK,sub-337MK_task-rest_bold.nii.gz,/media/nabarun/TATA_MRI_Data_RAW/BIDS_rest/337MK
rest,338SM,338SM,sub-338SM_task-rest_bold.nii.gz,/media/nabarun/TATA_MRI_Data_RAW/BIDS_rest/338SM
rest,342RS,342RS,sub-342RS_task-rest_bold.nii.gz,/media/nabarun/TATA_MRI_Data_RAW/BIDS_rest/342RS
rest,343PJ,343PJ,sub-343PJ_task-rest_bold.nii.gz,/media/nabarun/TATA_MRI_Data_RAW/BIDS_rest/343PJ
rest,344UK,344UK,sub-344UK_task-rest_bold.nii.gz,/media/nabarun/TATA_MRI_Data_RAW/BIDS_rest/344UK
rest,345SU,345SU,sub-345SU_task-rest_bold.nii.gz,/media/nabarun/TATA_MRI_Data_RAW/BIDS_rest/345SU
rest,350SP,350SP,sub-350SP_task-rest_bold.nii.gz,/media/nabarun/TATA_MRI_Data_RAW/BIDS_rest/350SP
rest,351NK,351NK,sub-351NK_task-rest_bold.nii.gz,/media/nabarun/TATA_MRI_Data_RAW/BIDS_rest/351NK
rest,352NR,352NR,sub-352NR_task-rest_bold.nii.gz,/media/nabarun/TATA_MRI_Data_RAW/BIDS_rest/352NR
rest,355RR,355RR,sub-355RR_task-rest_bold.nii.gz,/media/nabarun/TATA_MRI_Data_RAW/BIDS_rest/355RR
rest,356SM,356SM,sub-356SM_task-rest_bold.nii.gz,/media/nabarun/TATA_MRI_Data_RAW/BIDS_rest/356SM
rest,357PJ,357PJ,sub-357PJ_task-rest_bold.nii.gz,/media/nabarun/TATA_MRI_Data_RAW/BIDS_rest/357PJ
rest,358AK,358AK,sub-358AK_task-rest_bold.nii.gz,/media/nabarun/TATA_MRI_Data_RAW/BIDS_rest/358AK
rest,359PV,359PV,sub-359PV_task-rest_bold.nii.gz,/media/nabarun/TATA_MRI_Data_RAW/BIDS_rest/359PV
rest,360SK,360SK,sub-360SK_task-rest_bold.nii.gz,/media/nabarun/TATA_MRI_Data_RAW/BIDS_rest/360SK
rest,362AR,362AR,sub-362AR_task-rest_bold.nii.gz,/media/nabarun/TATA_MRI_Data_RAW/BIDS_rest/362AR
rest,363HR,363HR,sub-363HR_task-rest_bold.nii.gz,/media/nabarun/TATA_MRI_Data_RAW/BIDS_rest/363HR
rest,364BS,364BS,sub-364BS_task-rest_bold.nii.gz,/media/nabarun/TATA_MRI_Data_RAW/BIDS_rest/364BS
rest,367RK,367RK,sub-367RK_task-rest_bold.nii.gz,/media/nabarun/TATA_MRI_Data_RAW/BIDS_rest/367RK
rest,369ML,369ML,sub-369ML_task-rest_bold.nii.gz,/media/nabarun/TATA_MRI_Data_RAW/BIDS_rest/369ML
rest,370MS,370MS,sub-370MS_task-rest_bold.nii.gz,/media/nabarun/TATA_MRI_Data_RAW/BIDS_rest/370MS
rest,372TH,372TH,sub-372TH_task-rest_bold.nii.gz,/media/nabarun/TATA_MRI_Data_RAW/BIDS_rest/372TH
rest,373LH,373LH,sub-373LH_task-rest_bold.nii.gz,/media/nabarun/TATA_MRI_Data_RAW/BIDS_rest/373LH
rest,374BG,374BG,sub-374BG_task-rest_bold.nii.gz,/media/nabarun/TATA_MRI_Data_RAW/BIDS_rest/374BG
rest,377TB,377TB,sub-377TB_task-rest_bold.nii.gz,/media/nabarun/TATA_MRI_Data_RAW/BIDS_rest/377TB
rest,383HN,383HN,sub-383HN_task-rest_bold.nii.gz,/media/nabarun/TATA_MRI_Data_RAW/BIDS_rest/383HN
rest,384JB,384JB,sub-384JB_task-rest_bold.nii.gz,/media/nabarun/TATA_MRI_Data_RAW/BIDS_rest/384JB
rest,385KS,385KS,sub-385KS_task-rest_bold.nii.gz,/media/nabarun/TATA_MRI_Data_RAW/BIDS_rest/385KS
rest,386MS,386MS,sub-386MS_task-rest_bold.nii.gz,/media/nabarun/TATA_MRI_Data_RAW/BIDS_rest/386MS
rest,396SC,396SC,sub-396SC_task-rest_bold.nii.gz,/media/nabarun/TATA_MRI_Data_RAW/BIDS_rest/396SC
rest,398NN,398NN,sub-398NN_task-rest_bold.nii.gz,/media/nabarun/TATA_MRI_Data_RAW/BIDS_rest/398NN
rest,399RS,399RS,sub-399RS_task-rest_bold.nii.gz,/media/nabarun/TATA_MRI_Data_RAW/BIDS_rest/399RS
rest,403LN,403LN,sub-403LN_task-rest_bold.nii.gz,/media/nabarun/TATA_MRI_Data_RAW/BIDS_rest/403LN
rest,404RN,404RN,sub-404RN_task-rest_bold.nii.gz,/media/nabarun/TATA_MRI_Data_RAW/BIDS_rest/404RN
rest,406GK,406GK,sub-406GK_task-rest_bold.nii.gz,/media/nabarun/TATA_MRI_Data_RAW/BIDS_rest/406GK
rest,407VK,407VK,sub-407VK_task-rest_bold.nii.gz,/media/nabarun/TATA_MRI_Data_RAW/BIDS_rest/407VK
rest,410RG,410RG,sub-410RG_task-rest_bold.nii.gz,/media/nabarun/TATA_MRI_Data_RAW/BIDS_rest/410RG
rest,413JL,413JL,sub-413JL_task-rest_bold.nii.gz,/media/nabarun/TATA_MRI_Data_RAW/BIDS_rest/413JL
rest,417SS,417SS,sub-417SS_task-rest_bold.nii.gz,/media/nabarun/TATA_MRI_Data_RAW/BIDS_rest/417SS
rest,421UJ,421UJ,sub-421UJ_task-rest_bold.nii.gz,/media/nabarun/TATA_MRI_Data_RAW/BIDS_rest/421UJ
rest,422CJ,422CJ,sub-422CJ_task-rest_bold.nii.gz,/media/nabarun/TATA_MRI_Data_RAW/BIDS_rest/422CJ
rest,425TJ,425TJ,sub-425TJ_task-rest_bold.nii.gz,/media/nabarun/TATA_MRI_Data_RAW/BIDS_rest/425TJ
rest,427AN,427AN,sub-427AN_task-rest_bold.nii.gz,/media/nabarun/TATA_MRI_Data_RAW/BIDS_rest/427AN
rest,429PM,429PM,sub-429PM_task-rest_bold.nii.gz,/media/nabarun/TATA_MRI_Data_RAW/BIDS_rest/429PM
rest,433VV,433VV,sub-433VV_task-rest_bold.nii.gz,/media/nabarun/TATA_MRI_Data_RAW/BIDS_rest/433VV
rest,440KS,440KS,sub-440KS_task-rest_bold.nii.gz,/media/nabarun/TATA_MRI_Data_RAW/BIDS_rest/440KS
rest,441SS,441SS,sub-441SS_task-rest_bold.nii.gz,/media/nabarun/TATA_MRI_Data_RAW/BIDS_rest/441SS
rest,442AS,442AS,sub-442AS_task-rest_bold.nii.gz,/media/nabarun/TATA_MRI_Data_RAW/BIDS_rest/442AS
rest,443KT,443KT,sub-443KT_task-rest_bold.nii.gz,/media/nabarun/TATA_MRI_Data_RAW/BIDS_rest/443KT
rest,444VB,444VB,sub-444VB_task-rest_bold.nii.gz,/media/nabarun/TATA_MRI_Data_RAW/BIDS_rest/444VB
rest,446RS,446RS,sub-446RS_task-rest_bold.nii.gz,/media/nabarun/TATA_MRI_Data_RAW/BIDS_rest/446RS
rest,448CM,448CM,sub-448CM_task-rest_bold.nii.gz,/media/nabarun/TATA_MRI_Data_RAW/BIDS_rest/448CM
rest,449KM,449KM,sub-449KM_task-rest_bold.nii.gz,/media/nabarun/TATA_MRI_Data_RAW/BIDS_rest/449KM
rest,456SP,456SP,sub-456SP_task-rest_bold.nii.gz,/media/nabarun/TATA_MRI_Data_RAW/BIDS_rest/456SP
rest,459GK,459GK,sub-459GK_task-rest_bold.nii.gz,/media/nabarun/TATA_MRI_Data_RAW/BIDS_rest/459GK
rest,465JM,465JM,sub-465JM_task-rest_bold.nii.gz,/media/nabarun/TATA_MRI_Data_RAW/BIDS_rest/465JM
rest,467SC,467SC,sub-467SC_task-rest_bold.nii.gz,/media/nabarun/TATA_MRI_Data_RAW/BIDS_rest/467SC
rest,468RC,468RC,sub-468RC_task-rest_bold.nii.gz,/media/nabarun/TATA_MRI_Data_RAW/BIDS_rest/468RC
rest,469LM,469LM,sub-469LM_task-rest_bold.nii.gz,/media/nabarun/TATA_MRI_Data_RAW/BIDS_rest/469LM
rest,472VS,472VS,sub-472VS_task-rest_bold.nii.gz,/media/nabarun/TATA_MRI_Data_RAW/BIDS_rest/472VS
rest,473SV,473SV,sub-473SV_task-rest_bold.nii.gz,/media/nabarun/TATA_MRI_Data_RAW/BIDS_rest/473SV
rest,474PR,474PR,sub-474PR_task-rest_bold.nii.gz,/media/nabarun/TATA_MRI_Data_RAW/BIDS_rest/474PR
rest,475NRFinal,475NR,sub-475NRFinal_task-rest_bold.nii.gz,/media/nabarun/TATA_MRI_Data_RAW/BIDS_rest/475NRFinal
rest,480VH,480VH,sub-480VH_task-rest_bold.nii.gz,/media/nabarun/TATA_MRI_Data_RAW/BIDS_rest/480VH
rest,481MH,481MH,sub-481MH_task-rest_bold.nii.gz,/media/nabarun/TATA_MRI_Data_RAW/BIDS_rest/481MH
rest,488DGFINAL,488DG,,/media/nabarun/TATA_MRI_Data_RAW/BIDS_rest/488DGFINAL
rest,491PS,491PS,sub-491PS_task-rest_bold.nii.gz,/media/nabarun/TATA_MRI_Data_RAW/BIDS_rest/491PS
rest,492AN,492AN,sub-492AN_task-rest_bold.nii.gz,/media/nabarun/TATA_MRI_Data_RAW/BIDS_rest/492AN
rest,509JY,509JY,sub-509JY_task-rest_bold.nii.gz,/media/nabarun/TATA_MRI_Data_RAW/BIDS_rest/509JY
rest,512RS,512RS,sub-512RS_task-rest_bold.nii.gz,/media/nabarun/TATA_MRI_Data_RAW/BIDS_rest/512RS
rest,513TS,513TS,sub-513TS_task-rest_bold.nii.gz,/media/nabarun/TATA_MRI_Data_RAW/BIDS_rest/513TS
rest,515RM,515RM,sub-515RM_task-rest_bold.nii.gz,/media/nabarun/TATA_MRI_Data_RAW/BIDS_rest/515RM
rest,533PK,533PK,sub-533PK_task-rest_bold.nii.gz,/media/nabarun/TATA_MRI_Data_RAW/BIDS_rest/533PK
rest,536UN,536UN,sub-536UN_task-rest_bold.nii.gz,/media/nabarun/TATA_MRI_Data_RAW/BIDS_rest/536UN
rest,538RS,538RS,sub-538RS_task-rest_bold.nii.gz,/media/nabarun/TATA_MRI_Data_RAW/BIDS_rest/538RS
rest,538RSsecondCD,538RS,sub-538RSsecondCD_task-rest_bold.nii.gz,/media/nabarun/TATA_MRI_Data_RAW/BIDS_rest/538RSsecondCD
rest,546BG,546BG,sub-546BG_task-rest_bold.nii.gz,/media/nabarun/TATA_MRI_Data_RAW/BIDS_rest/546BG
